{
     "@context": {
        "chs": "http://resources.usgin.org/uri-gin/cinergi/schema/harvestsourceschema",
        "cmd": "http://resources.usgin.org/uri-gin/cinergi/schema/metadataobjectschema"},
    "chs:CINERGI_HarvestSource": {
        "chs:configurationID": "urn:cinergi:examplesource",
        "chs:harvestSourceLabel": "string",
        "chs:harvestSourceDescription": "string. This is an example document with all JSON keys populated. Actual instance documents might leave out irrelevant optional elements",
        "chs:sourceContact": {
            "cmd:agentRoleURI": "uri",
            "cmd:agentRoleLabel": "text label for agent role",
            "cmd:agentRoleVocabularyURI": "uri",
            "cmd:agent": {
                "cmd:agentURI": "http://orcid.org/someidentifier",
                "cmd:personName": "Metadatameister,John J.",
                "cmd:personPosition": "metadata manager",
                "cmd:organizationName": ["United States Geological Survey", "US Geological Survey", "USGS"],
                "cmd:organizationLink": "http://usgs.org",
                "cmd:phoneNumber": "303-770-2640",
                "cmd:contactEmail": ["metadata@usgs.gov", "restonmetadata@usgs.gov", "metadata@data.gov"],
                "cmd:contactAddress": "street, city, state, country, postal code"
            }
        },
        "chs:fingerprintMethod": "Text identifier that specifies the fingerprinting method for files under this scheme",
        "chs:harvestURL": "http://happydays.org/lots/metadata/geology",
        "chs:sourceContentSpecification": {
            "chs:formatName": "Web accessible folder",
            "chs:formatURI": "urn:ogc:def:nilreason:unknown",
            "chs:profileName": "none",
            "chs:profileURI": "urn:ogc:def:nilreason:inapplicable"
        },
        "chs:mappingToCMO": {
            "cmd:linkURL": "http://resource.usgin.org/uri-gin/usgin/mapping/fgdc2cinergi",
            "cmd:linkRelation": [{
                "cmd:relLabel": "download",
                "cmd:relURI": "urn:idontknow",
                "cmd:relVocabularyURI": "urn:bogusexamplevocabulary"
                            }],
            "cmd:linkTitle": "Get Mapping File",
            "cmd:linkTargetResourceType": "application/zip",
            "cmd:linkContentResourceType": "text/csv",
            "cmd:linkOverlayAPI": {
                "cmd:APILabel": "none",
                "cmd:API-URI": "urn:ogc:nil:inapplicable"
            },
            "cmd:linkProfile": {
                "cmd:profileLabel": "USGIN json schema mapping file",
                "cmd:profileURI": "http://resource.usgin.org/uri-gin/usgin/spec/jsonmappingfile"
            },
            "cmd:linkParameters": [{
                    "cmd:linkParameterLabel": "parameter1Label",
                    "cmd:linkParameterURI": "parameter1uri",
                    "cmd:linkParameterValue": "parameter1Value"
                },
                {
                    "cmd:linkParameterLabel": "parameter2Label",
                    "cmd:linkParameterValue": "parameter2Value"
                }],
            "cmd:linkDescription": "this is an example of a complete link object; the only required key is cmd:linkURL",
            "cmd:linkTransferSize": "2056"
        },
        "chs:processingWorkflow": {
            "cmd:linkURL": "http://cinergi.org/workflow/sourc27",
            "cmd:linkRelation": [{
                    "cmd:relLabel": "download"
                }
  ],
            "cmd:linkTitle": "Link to processing workflow description document",
            "cmd:linkDescription": "this is a simplified link object,leaving out various properties needed to describe more complex hypermedia affordances"
        },
        "chs:extrasProcessing": "specification of what to do with content in source records that is not mapped into the CMO scheme.  We'll have to figure out what this specification needs to look like as we go",
        "chs:crawlFrequencyHours": "48",
        "chs:lastHarvestDateTime": "2014-07-15T18:30:00Z",
        "chs:lastHarvestCount": 500,
        "chs:harvestLog": {
            "chs:currentHarvestLog": [{
                    "cmd:eventType": [{
                            "cmd:datetypeLabel": "startHarvest"
                        },
                        {
                            "cmd:datetypeLabel": "begin"
                        }],
                    "cmd:dateTime": "ISO 8601: 2011-10-11T14:30",
                    "chs:currentLogItem": "currentLogEvent1, two values for the eventType label"
            },
                {
                    "cmd:eventType": [{
                        "cmd:datetypeLabel": "processing",
                        "cmd:datetypeURI": "http://vocabsunlimited.org/processing"
                        }],
                    "cmd:dateTime": "ISO 8601: 2011-10-11T14:34",
                    "chs:currentLogItem": "currentLogEvent2, URI for a single eventType"
            },
                {
                    "cmd:eventType": [{
                        "cmd:datetypeLabel": "databaseUpdate"
                        }],
                    "cmd:dateTime": "ISO 8601: 2011-10-11T14:35",
                    "chs:currentLogItem": "currentLogEvent3"
            }
            ],
            "chs:harvestHistory": [{
                    "cmd:eventType": [{
                        "cmd:datetypeLabel": "harvestCompleted"
                        }],
                    "cmd:dateTime": "ISO 8601: 2011-10-08T14:55",
                    "chs:harvestHistoryItem": ["harvest started", "450 records harvested, 430 validated and written to dB", "logWritten"]
                            },
                {
                    "cmd:eventType": [{
                        "cmd:datetypeLabel": "harvestCompleted"
                        }],
                    "cmd:dateTime": "ISO 8601: 2011-10-10T14:58",
                    "chs:harvestHistoryItem": ["harvest started", "470 records harvested, 452 validated and written to dB, 3 errors", "logWritten"]
                        }]
        }
    }
}
