{
    "$schema": "http://resources.usgin.org/uri-gin/cinergi/schema/metadataobjectschema/1.0",
    "@context": {
        "@base": "http://resources.usgin.org/uri-gin/cinergi/schema/metadataobjectschema/1.0"
    },
    "ex:Note": "this is a hand-crafted example JSON object that only includes the metadata properties that describe the metadata record and the resource that is the target of the metadata record. Internal CINERGI pipeline and management items have been stripped out. Keys with ex: prefix are explanatory items added in the exmaple and should be ignored when processing the object. ***NOTE all keys with no prefix should be assumed to be in the http://resources.usgin.org/uri-gin/cinergi/schema/metadataobjectschema namespace!****",
    "primaryKey": "URI or UUID for this metadata record",
    "metadataProperties": {
        "metadataLanguage": "ISO3166 3 letter language identifier string, e.g. eng",
        "metadataCharacterSet": {
            "characterSetLabel": "text stringto identify character set",
            "characterSetURI": "full URI or token within vocabulary to identify code value; this is only required element",
            "characterSetVocabularyURI": "URI to identify vocabulary",
            "characterSetCodespace": "ISO19139 codeSpace attribute value"
        },
        "metadataContact": [{
            "metadataContactRoleURI": "http://URI.uniquely.indentify/agent/role",
            "metadataContactRoleLabel": "string that users will understand to present role",
            "metadataContactRoleVocabularyURI": "http://URI for vocabulary",
            "metadataContactRoleCodespace": "339",
            "metadataContactAgents": [{
                    "personURI": "http://URI for the person",
                    "personName": "The name of an individual; format--Last Name,First name MI",
                    "personPosition": "named position in context of an organization",
                    "organizationName": ["name1", "name2", "acronym", "otherNamesForOrg"],
                    "organizationURI": "http://URI for organization",
                    "voicePhoneNumber": ["use registered tel URI scheme http://tools.ietf.org/html/rfc3966"],
                    "contactEmail": ["email1@email.com", "another@email.com"],
                    "contactAddress": {
                        "deliveryPoint": "postal address,ideally formatted appropriate to the target country",
                        "city": "name of city",
                        "administrativeArea": "name of state, province,etc.",
                        "postalCode": "postal code",
                        "country": "name of country"
                    },
                    "agentInformation": "free text blob with contact instructions, hours, etc.",
                    "agentLink": [
                        {
                            "linkURL": "http://link to get representation of agent",
                            "linkRelations": [
                                {
                                    "relLabel": "",
                                    "relURI": "",
                                    "relVocabularyURI": ""
                                }]
                },
                        {
                            "linkURL": "http://link to get another representation of agent",
                            "linkRelations": [{
                                "relLabel": ""
                            }]
                }]
            },
                {
                    "personName": "Otherperson, Albert"
                }]
        }],
        "metadataUpdateDate": "2014-11-17T12:12:01Z",
        "metadataHarvestedFormat": {
            "metadataStandardLabel": "text string identifying format for people",
            "metadataStandardURI": "http://Uri.org/URI/identifying/format",
            "metadataProfileLabel": "text string identifying profile for people. Pipe delimited list if multiple",
            "metadataProfileURI": "http://Uri.org/URI/identifying/profile | http://Uri.org/URI/identifying/secondProfile"
        },
        "ex:Note": "Burak is currently (2015-03-07) putting this in a History: key in the root MongoMetadata object, with a different set of properties.",
        "metadataRecordHistory": [
            {
                "stepSequenceNo": 1,
                "processStepStatement": "first recorded processing step",
                "provenanceLink": {
                    "linkTitle": "text to label this link in a UI",
                    "linkDescription": "free text description of the target. This is a complete linkObject, with all optional properties",
                    "linkURL": "http://uri that locates the link target",
                    "linkRelation": [
                        {
                            "relLabel": "text to identify reference relation type",
                            "relURI": "http://host1.uri for the relation type",
                            "relVocabularyURI": "http://uri for vocabulary1 for relLabel"
                        },
                        {
                            "relLabel": "text to identify second reference relation type",
                            "relURI": "http://host2.uri for the relation type",
                            "relVocabularyURI": "http://uri for vocabulary for second relLabel"
                        }
      ],
                    "linkTargetResourceType": "typically use MIME type ",
                    "linkContentResourceType": "File type (e.g. MIME) for the actual resource content",
                    "linkOverlayAPI": {
                        "APILabel": "text to identify the overlay API",
                        "API-URI": "http://URI for overly API"
                    },
                    "linkProfile": {
                        "profileLabel": "text to identify the profile",
                        "profileURI": "http://URI for the profile"
                    },
                    "linkParameters": [
                        {
                            "linkParameterLabel": "string to display for link parameter1",
                            "linkParameterURI": "identifier for parameter1 from a controlled vocabulary",
                            "linkParameterValue": "string1"
                        },
                        {
                            "linkParameterLabel": "string to display for link parameter2",
                            "linkParameterURI": "identifier for the parameter2 from a controlled vocabulary",
                            "linkParameterValue": "string2"
                        }
                    ],
                    "linkTransferSize": 1001
                }

        },
            {
                "stepSequenceNo": 2,
                "processStepStatement": "second recorded processing step",
                "provenanceLink": {
                    "LinkObject": {
                        "linkDescription": "free text description of the target. This is a minimal linkObject, with only required properties (description is optional, but included in this example to explain",
                        "linkURL": "http://uri that locates the link target"
                    }
                }
            }
            ],
        "metadataConformanceTests": [
            {
                "conformanceTestName": "name of first test",
                "conformanceTestURI": "http://URI identifies test1",
                "conformanceResult": "either Pass or Fail",
                "conformanceTestNote": "output from conformance test1; if test fails this should provide information about what went wrong"
                    },
            {
                "conformanceTestName": "name of second test",
                "conformanceTestURI": "http://URI identifies test2",
                "conformanceResult": "either Pass or Fail",
                "conformanceTestNote": "output from conformance test2; if test fails this should provide information about what went wrong"
                    }
             ]
    },
    "resourceDocumentation": {
        "resourceTitle": ["Title that identifies the resource for human users"],
        "resourceDescription": "Free text description of the resource. May summarize intellectual content, as well as describe various metadata aspects such as lineage, quality, use constraints, maintenance.",
        "resourceIdentifier": [
            {
                "resourceURI": "http://uri.org/resource/URI",
                "authorityURI": "URIforID1AuthorityAgent",
                "identifierLabel": "string that specifies identifier type, authority, and meaning for people",
                "identifierType": "Machine-interpretable string that indicates RDA PID type. e.g. http URI, ISSN, doi, handle, CGI-URN..."
                }],
        "resourceIndexTerms": [
            {
                "keywordTypeLabel": "label for keyword type1",
                "keywordTypeURI": "http://identifier.for.keyword/type1",
                "keywordTypeVocabularyURI": "http://identifier.for.keyword/type/vocabulary",
                "keywordSourceLabel": "label to identify the keyword authority in a user interface",
                "keywordSourceURI": "http://identifier.for.keyword/source",
                "keywords": [
                    {
                        "keyword": "type1keyword1",
                        "keywordURI": "http://keyword.org/list356/2432q76"
                    },
                    {
                        "keyword": "type1keyword2"
                    },
                    {
                        "keyword": "type1keyword3"
                    }]
                        },
            {
                "keywordTypeLabel": "label for keyword type2",
                "keywordTypeURI": "http://identifier.for.keyword/type2",
                "keywordTypeVocabularyURI": "http://identifier.for.keyword/type/vocabulary",
                "keywords": [{
                    "keyword": "type2keyword1"
                }, {
                    "keyword": "type2keyword2"
                }, {
                    "keywordURI": "http://resource.gcmd.org/keyword/type2keyword3"
                }],
                "keywordSourceLabel": "label to identify keyword authority in a user interface",
                "keywordSourceURI": "http://identifier.for.keyword/source"
   },
            {
                "keywordTypeLabel": "presentation form",
                "keywordTypeURI": "http://www.isotc211.org/2005/resources/Codelist/gmxCodelists.xml#CI_PresentationFormCode",
                "keywordTypeVocabularyURI": "http://www.isotc211.org/2005/resources/Codelist",
                "keywords": [{
                    "keyword": "imageDigital"
                }],
                "keywordSourceLabel": "ISO19115(2006)"
   },
            {
                "keywordTypeLabel": "facet=instrument",
                "keywordTypeVocabularyURI": "http://cinergi.nsf.org/conceptscheme/standardfacets",
                "keywords": [{
                    "keyword": "Earth Remote Sensing Instruments",
                    "keywordURI": "http://keywords.com/264537degr"
                }, {
                    "keyword": "Active Remote Sensing"
                }, {
                    "keyword": "Imaging Radars"
                }, {
                    "keyword": ""
                }, {
                    "keyword": "GEOSAR"
                }, {
                    "keyword": "Geographic Synthetic Aperture Radar"
                }],
                "keywordSourceLabel": "GCMD Instrument keywords",
                "keywordSourceURI": "http://gcmdservices.gsfc.nasa.gov/kms/concepts/concept_scheme/instruments/",
                "keywordProvenance": "Keywords inserted by SciCrunch Keyword Enhancer",
                "keywordProvenanceLink": "http://cinergi.nsf.org/provenance/34637bgr4w3g"
                }],
        "citedSourceAgents": [{
            "agentRoleURI": "http://URI.uniquely.indentify/agent/role/e.g.author",
            "agentRoleLabel": "string that users will understand to present role",
            "agentRoleVocabularyURI": "http://URI for vocabulary",
            "agents": [{
                "personURI": "http://URI for the person",
                "personName": "The name of an individual; format--Last Name,First name MI",
                "personPosition": "named position in context of an organization",
                "organizationName": ["name1", "name2", "acronym", "otherNameForOrg"],
                "organizationURI": "http://URI for organization",
                "voicePhoneNumber": ["use registered tel URI scheme http://tools.ietf.org/html/rfc3966"],
                "contactEmail": ["email1@emial.com", "another@email.com"],
                "contactAddress": "postal address,ideally formatted appropriate to the target country"
            }]
        }],
        "citationDates": [{
                "dateTypeLabel": "First edition",
                "dateTypeURI": "http://identifier.vocab.org/cocepts/firstEditionDate",
                "dateTypeVocabularyURI": "http://vocab.org/conceptSchema/dateType",
                "dateTypeCodespace": "nilMissing",
                "dateTime": "2011-10-11T14:30"
            },
            {
                "dateTypeLabel": "Revised Version",
                "dateTypeURI": "http://identifier.vocab.org/cocepts/RevisionDate",
                "dateTypeVocabularyURI": "http://vocab.org/conceptSchema/dateType",
                "dateTime": "2014-10-11T14:30"
 }
 ],
        "recommendedCitation": "a suggested full text citation to use when citing the resource; include standard bibliographic content like edition, publisher, series title, series issue, page numbers, other information appropriate to the described resource",
        "resourceContacts": [
            {
                "agentRoleURI": "http://cinergi.nsf.org/concept/agentrole/resourcesteward",
                "agentRoleLabel": "Resource Steward1",
                "agentRoleVocabularyURI": "http://cinergi.nsf.org/conceptscheme/agentrole",
                "agents": [{
                    "personURI": "http://orcid.org/3427278",
                    "personName": "Montiovina,Alfred X.",
                    "personPosition": "Repository Manager",
                    "organizationName": ["The Big Organization", "TBO"],
                    "organizationURI": "http://orcid.org/20892356",
                    "contactEmail": ["montioax@tbo.com", "repository@tbo.com"]
                }]
            },
            {
                "agentRoleURI": "http://cinergi.nsf.org/concept/agentrole/resourcesteward",
                "agentRoleLabel": "Resource Steward",
                "agentRoleVocabularyURI": "http://cinergi.nsf.org/conceptscheme/agentrole",
                "agents": [{
                    "personURI": "http://orcid.org/12356127",
                    "personName": "Goodkeep, Sarah H.",
                    "personPosition": "Repository Manager",
                    "organizationName": ["The Big Organization", "TBO"],
                    "organizationURI": "http://orcid.org/20892356",
                    "contactEmail": ["goodkeep@tbo.com"]
                }]
            }],
        "resourceAccessOptions": [
            {
                "distributor": {
                    "distributorRoleURI": "http://URI.uniquely.indentify/agent/role",
                    "distributorRoleLabel": "string that conveys the distributor role",
                    "distributorRoleVocabularyURI": "http://URI for vocabulary",
                    "distributorRoleCodespace": "376",
                    "distributorAgents": [{
                            "personURI": "http://URI for the person",
                            "personName": "The name of an individual; format--Last Name,First name MI",
                            "personPosition": "named position in context of an organization",
                            "organizationName": ["name1", "name2", "acronym", "otherNamesForOrg"],
                            "organizationURI": "http://URI for organization",
                            "voicePhoneNumber": ["use registered tel URI scheme http://tools.ietf.org/html/rfc3966"],
                            "contactEmail": ["email1@email.com", "another@email.com"],
                            "contactAddress": {
                                "deliveryPoint": "postal address,ideally formatted appropriate to the target country",
                                "city": "name of city",
                                "administrativeArea": "name of state, province,etc.",
                                "postalCode": "postal code",
                                "country": "name of country"
                            },
                            "agentInformation": "free text blob with contact instructions, hours, etc.",
                            "agentLinks": [
                                {
                                    "linkURL": "http://link to get representation of agent",
                                    "linkRelations": [
                                        {
                                            "relLabel": "",
                                            "relURI": "",
                                            "relVocabularyURI": ""
                                }]
                },
                                {
                                    "linkURL": "http://link to get another representation of agent",
                                    "linkRelations": [{
                                            "relLabel": ""
                            }
                            ]
                }]
            },
                        {
                            "personName": "Otherperson, Albert"
                }]
                },
                "accessLinks": [
                    {
                        "linkURL": "http://link to get resource distribution from this distributor",
                        "linkRelations": [
                            {
                                "relLabel": "",
                                "relURI": "",
                                "relVocabularyURI": ""
                                }]
                    },
                    {
                        "linkURL": "http://link to get distribution from this distributor via a different information exchange (service, interchange format...)",
                        "linkRelations": [{
                            "relLabel": ""
                            }]
                }]
                    },
            {
                "distributor": {
                    "distributorRoleURI": "http://URI.uniquely.indentify/agent/role",
                    "distributorRoleLabel": "string that conveys the second distributor role",
                    "distributorRoleVocabularyURI": "http://URI for vocabulary",
                    "distributorRoleCodespace": "376",
                    "distributorAgents": [{
                            "personURI": "http://URI for the person",
                            "personName": "The name of an individual; format--Last Name,First name MI",
                            "personPosition": "named position in context of an organization",
                            "organizationName": ["name1", "name2", "acronym", "otherNamesForOrg"],
                            "organizationURI": "http://URI for organization",
                            "voicePhoneNumber": ["use registered tel URI scheme http://tools.ietf.org/html/rfc3966"],
                            "contactEmail": ["email1@email.com", "another@email.com"],
                            "contactAddress": {
                                "deliveryPoint": "postal address,ideally formatted appropriate to the target country",
                                "city": "name of city",
                                "administrativeArea": "name of state, province,etc.",
                                "postalCode": "postal code",
                                "country": "name of country"
                            },
                            "agentInformation": "free text blob with contact instructions, hours, etc.",
                            "agentLinks": [
                                {
                                    "linkURL": "http://link to get representation of agent",
                                    "linkRelations": [
                                        {
                                            "relLabel": "",
                                            "relURI": "",
                                            "relVocabularyURI": ""
                                }]
                },
                                {
                                    "linkURL": "http://link to get another representation of agent",
                                    "linkRelations": [{
                                            "relLabel": ""
                            }
                            ]
                }]
            },
                        {
                            "personName": "Random, Second"
                }]
                },
                "accessLinks":
                [
                    {
                        "linkURL": "http://link to get this resource distribution",
                        "linkRelations": [
                            {
                                "relLabel": "",
                                "relURI": "",
                                "relVocabularyURI": ""
                                }]
                    },
                    {
                        "linkURL": "http://link to get this distribution through a different information exchange-- different end point, service protocol, representation format...",
                        "linkRelations": [{
                            "relLabel": ""
                            }]
                }],
                "offlineAccess":
                [
                    {"orderingInformation":"text explanation of how to obtain resource representation and what is available",
                    "physicalMediumName":"Hard drive containing files",
                    "physicalMediumURI":"http://hardware.com/registry/1TbHardDrive",
                    "physicalMediumFormatName":"Windows file system",
                    "physicalMediumFormatURI":"NTFS",
                    "physicalFileFormatName":"zip archives",
                    "physicalFileFormatURI":"application/zip",
                    "contentFormatName":"text/csv+CFcsvProfile",
                    "contentFormatURI":"http://interop.org/profiles/cfcsv" }                     
                    ]
                    }
                    ],    
        "geographicExtents": [
            {
                "extentLabel": "string to label this extent in UI",
                "extentStatement": "free text description of extent",
                "extentType": "within",
                "extentReference": {
                    "referencedExtentLabel": "label to identify the date type in a user interface",
                    "referencedExtentURI": "http://identifier for referenced extent",
                    "extentVocabularyURI": "http://identifier for the containing vocabulary (thesaurus, ontology...). Analogous to codelist in ISO19115 or codespace in GML.",
                    "extentVocabularyName": "text name of the gazetteer"
                },
                "boundingBoxWGS84": {
                    "northBoundLatitude": 33,
                    "southBoundLatitude": 27,
                    "eastBoundLongitude": 12,
                    "westBoundLongitude": 24
                },
                "geoJSONgeometry": {
                    "extentGeometryType": {
                        "geometrytypeLabel": "label to identify the geometry type in a user interface",
                        "geometrytypeURI": "http://identifier for referenced resource",
                        "geometrytypeVocabularyURI": "http://identifier for the containing vocabulary "
                    },
                    "extentGeometry": [{

                        "$ref": "https://raw.githubusercontent.com/fge/sample-json-schemas/master/geojson/geojson.json  GeoJSON string here..."
                                    }]
                },
                "verticalExtent": {
                    "verticalExtentMinimum": 0,
                    "verticalExtentMaximum": 1000,
                    "verticalExtentCRS": {
                        "verticalCRSLabel": "label to identify the date type in a user interface",
                        "verticalCRS-URI": "http://identifier for referenced resource",
                        "verticalCRSVocabularyURI": "http://identifier for the containing vocabulary"
                    }
                }
        },
            {
                "boundingBoxWGS84": {
                    "northBoundLatitude": 32,
                    "southBoundLatitude": 30,
                    "eastBoundLongitude": -15,
                    "westBoundLongitude": -19
                }
            }],
        "resourceTemporalExtent": [
            {
                "temporalExtentBegin": "ISO-8601 DateTime1",
                "temporalExtentEnd": "ISO-8601 DateTime1"
        },
            {
                "temporalExtentBegin": "ISO-8601 DateTime2",
                "temporalExtentEnd": "ISO-8601 DateTime2"
        }],
        "resourceUsageConstraints": [
            {
                "constraintsStatement": "free text description of legal, technical, and security-related constraint on access to or use of a resource",
                "constraintTerms": [
                    {
                        "constrainttypeLabel": "label  constraint type1",
                        "constrainttypeURI": "http://identifier for constraint type value",
                        "constrainttypeVocabularyURI": "http://identifier for the constraint-type vocabulary",
                        "constraintTerm": "label to identify the constraint",
                        "constraintURI": "http://identifier for the  constraint",
                        "constraintVocabularyURI": "http://identifier for the constraint vocabulary"
            }],
                "license": [{
                    "licenseURI": "identifier for license1.",
                    "licenseName": "Name used to identify the license1 to users"
                                      }]
                        }],
        "resourceBrowseGraphic": {
            "resourceBrowseGraphicURL": "URL locator for the image",
            "linkRelation": [
                {
                    "linkRelationLabel": "label to identify the link relation1 in a user interface",
                    "linkRelationURI": "http://identifier for link relation1",
                    "linkRelationVocabularyURI": "http://identifier for the link relation vocabulary"
                },
                {
                    "linkRelationLabel": "label to identify the link relation2 in a user interface",
                    "linkRelationURI": "http://identifier for link relation2",
                    "linkRelationVocabularyURI": "http://identifier for the link relation vocabulary"
                }],
            "linkTitle": "text to label this link in a UI",
            "linkContentResourceType": "File type for the actual resource content. Typically use MIME type string from IANA registry http : //www.iana.org/assignments/media-types/application/index.html"
        },
        "resourceLanguage": ["ISO-639string",
            {
                "resourceLanguageLabel": "label to identify the language of resource content in a user interface",
                "resourceLanguageURI": "http://identifier for Language",
                "resourceLanguageVocabularyURI": "http://identifier for the language vocabulary"
            },
            {
                "resourceLanguageLabel": "label to identify the language2 of resource content in a user interface",
                "resourceLanguageURI": "http://identifier for Language2",
                "resourceLanguageVocabularyURI": "http://identifier for the language vocabulary"
            }],
        "resourceSpatialDescription": {
            "resourceSpatialRepresentationType": {
                "resourceSpatialRepresentationTypeLabel": "label to identify the Spatial Representation type in a user interface",
                "resourceSpatialRepresentationTypeURI": "http://identifier for resource Spatial Representation type",
                "resourceSpatialRepresentationTypeVocabularyURI": "http://identifier for the spatial representation vocabulary"
            },
            "resourceSpatialReferenceSystem": {
                "resourceSpatialReferenceSystemLabel": "label to identify the spaatial reference system in a user interface",
                "resourceSpatialReferenceSystemURI": "http://identifier for resource spatial reference system",
                "resourceSpatialReferenceSystemVocabularyURI": "identifier for the containing vocabulary "
            }
        },
        "relatedResources": [
            {
                "linkURL": "http://uri that locates related resource1",
                "linkRelation": [
                    {
                        "relLabel": "text to identify reference relation type",
                        "relURI": "http://host1.uri for the relation type",
                        "relVocabularyURI": "http://uri for vocabulary1 in which the relLabel is defined."
                    },
                    {
                        "relLabel": "text to identify second reference relation type",
                        "relURI": "http://host2.uri for the relation type",
                        "relVocabularyURI": "http://uri for vocabulary for second relLabel"
                    }
      ],
                "linkTitle": "text to label this link in a UI",
                "linkTargetResourceType": "typically use MIME type ",
                "linkContentResourceType": "File type (e.g. MIME) for the actual resource content",
                "linkOverlayAPI": {
                    "APILabel": "text to identify the overlay API",
                    "API-URI": "http://URI for overly API"
                },
                "linkProfile": {
                    "profileLabel": "text to identify the profile",
                    "profileURI": "http://URI for the profile"
                },
                "linkParameters": [
                    {
                        "linkParameterLabel": "string to display for link parameter1",
                        "linkParameterURI": "identifier for parameter1 from a controlled vocabulary",
                        "linkParameterValue": "string1"
                    },
                    {
                        "linkParameterLabel": "string to display for link parameter2",
                        "linkParameterURI": "identifier for the parameter2 from a controlled vocabulary",
                        "linkParameterValue": "string2"
                    }
                    ],
                "linkDescription": "free text description of the target to help UI",
                "linkTransferSize": 1001
       },
            {
                "linkURL": "http://uri that locates the link target",
                "linkRelation": [
                    {
                        "relLabel": "text to identify reference relation type",
                        "relURI": "http://host1.uri for the relation type",
                        "relVocabularyURI": "http://uri for vocabulary1 in which the relLabel is defined."
                    },
                    {
                        "relLabel": "text to identify second reference relation type",
                        "relURI": "http://host2.uri for the relation type",
                        "relVocabularyURI": "http://uri for vocabulary for second relLabel"
                    }
      ],
                "linkTitle": "text to label this link in a UI",
                "linkTargetResourceType": "typically use MIME type ",
                "linkContentResourceType": "File type (e.g. MIME) for the actual resource content",
                "linkOverlayAPI": {
                    "APILabel": "text to identify the overlay API",
                    "API-URI": "http://URI for overly API"
                },
                "linkProfile": {
                    "profileLabel": "text to identify the profile",
                    "profileURI": "http://URI for the profile"
                },
                "linkParameters": [
                    {
                        "linkParameterLabel": "string to display for link parameter1",
                        "linkParameterURI": "identifier for parameter1 from a controlled vocabulary",
                        "linkParameterValue": "string1"
                    },
                    {
                        "linkParameterLabel": "string to display for link parameter2",
                        "linkParameterURI": "identifier for the parameter2 from a controlled vocabulary",
                        "linkParameterValue": "string2"
                    }
                    ],
                "linkDescription": "free text description of the target to help UI",
                "linkTransferSize": 1001
}],
        "extras": {}

    }
}